{"energy":0.34100000000000003,"acousticness":0.16,"id":"7AalBKBoLDR4UmRYRJpdbj","track_href":"https:\/\/api.spotify.com\/v1\/tracks\/7AalBKBoLDR4UmRYRJpdbj","uri":"spotify:track:7AalBKBoLDR4UmRYRJpdbj","liveness":0.44800000000000001,"type":"audio_features","speechiness":0.041799999999999997,"key":7,"mode":1,"valence":0.17899999999999999,"instrumentalness":0.040800000000000003,"time_signature":4,"analysis_url":"https:\/\/api.spotify.com\/v1\/audio-analysis\/7AalBKBoLDR4UmRYRJpdbj","tempo":143.71899999999999,"danceability":0.38,"duration_ms":367933,"loudness":-15.718999999999999}